event_id,pais,liga,tourney_id,tourney_name,tourney_season,tourney_date,match_time,round,round_number,home_team_id,home_team_name,away_team_id,away_team_name,home_goals,away_goals,status,start_timestamp,scrape_date
15526327,Brazil,Brasileirão Série B,390,Brasileirão Série B,,2026-10-06,18:30,Unknown,32,1960,Goiás,342775,Athletic Club,,,notstarted,1791329400,2026-10-04
16547921,USA,MLS,242,MLS,,2026-10-06,19:30,Unknown,,2505,Chicago Fire,22010,Vancouver Whitecaps,,,notstarted,1791333000,2026-10-04
15526322,Brazil,Brasileirão Série B,390,Brasileirão Série B,,2026-10-06,19:35,Unknown,32,1969,Ponte Preta,1980,Juventude,,,notstarted,1791333300,2026-10-04
16654834,North & Central America,"CONCACAF Nations League, League B, Group D",14100,"CONCACAF Nations League, League B, Group D",,2026-10-06,21:00,Unknown,4,52906,French Guiana,21809,Belize,,,notstarted,1791338400,2026-10-04
15657955,China,Chinese League 1,782,Chinese League 1,,2026-10-07,06:00,Unknown,25,510603,Shenzhen Juniors FC,510606,Guangdong GZ-Power,,,notstarted,1791370800,2026-10-04
15657956,China,Chinese League 1,782,Chinese League 1,,2026-10-07,06:30,Unknown,25,508366,Foshan Nanshi,510605,Guangxi Hengchen FC,,,notstarted,1791372600,2026-10-04
15657957,China,Chinese League 1,782,Chinese League 1,,2026-10-07,06:30,Unknown,25,369494,Nanjing City,510602,Shaanxi Union FC,,,notstarted,1791372600,2026-10-04
15502891,Canada,Canadian Premier League,13470,Canadian Premier League,,2026-10-07,10:00,Unknown,1,309890,Inter Toronto,1165894,FC Supra Du Quebec,,,notstarted,1791385200,2026-10-05
16985920,Finland,"Veikkausliiga, Championship Round",41,"Veikkausliiga, Championship Round",,2026-10-07,11:00,Unknown,,2271,IF Gnistan,2247,Inter Turku,,,notstarted,1791388800,2026-10-05
17118209,Spain,"Primera Federacion, Group 2",17073,"Primera Federacion, Group 2",,2026-10-07,13:30,Unknown,5,24329,FC Cartagena,4487,Real Murcia,,,notstarted,1791397800,2026-10-05
16461220,Colombia,"Torneo DIMAYOR, Clausura",1238,"Torneo DIMAYOR, Clausura",,2026-10-07,15:30,Unknown,13,89366,Boca Juniors de Cali,89372,Atlético Cali,,,postponed,1791405000,2026-10-05
17161975,Colombia,"Torneo DIMAYOR, Clausura",1238,"Torneo DIMAYOR, Clausura",,2026-10-07,16:00,Unknown,12,89362,Leones FC,89364,Barranquilla FC,,,notstarted,1791406800,2026-10-05
17255665,Bolivia,División Profesional,16736,División Profesional,,2026-10-07,16:15,Unknown,22,268082,Club FC Universitario,396625,CD San Antonio,,,postponed,1791407700,2026-10-05
17034012,Colombia,"Torneo DIMAYOR, Clausura",1238,"Torneo DIMAYOR, Clausura",,2026-10-07,17:00,Unknown,4,89366,Boca Juniors de Cali,89376,Unión Magdalena,,,notstarted,1791410400,2026-10-05
16461226,Colombia,"Torneo DIMAYOR, Clausura",1238,"Torneo DIMAYOR, Clausura",,2026-10-07,17:00,Unknown,13,89376,Unión Magdalena,1166437,Independiente Valle del Cauca,,,postponed,1791410400,2026-10-05
17135972,Argentina,"Liga Profesional, Clausura",155,"Liga Profesional, Clausura",,2026-10-07,17:30,Unknown,11,42338,Sarmiento,3211,River Plate,,,postponed,1791412200,2026-10-05
15237996,Brazil,Campeonato Brasileiro Série A,325,Campeonato Brasileiro Série A,,2026-10-07,17:30,Unknown,29,1966,Internacional,1957,Corinthians,,,notstarted,1791412200,2026-10-05
15237994,Brazil,Campeonato Brasileiro Série A,325,Campeonato Brasileiro Série A,,2026-10-07,17:30,Unknown,29,1999,Red Bull Bragantino,21982,Mirassol,,,notstarted,1791412200,2026-10-05
15237999,Brazil,Campeonato Brasileiro Série A,325,Campeonato Brasileiro Série A,,2026-10-07,17:30,Unknown,29,2012,Remo,5926,Grêmio,,,notstarted,1791412200,2026-10-05
15526328,Brazil,Brasileirão Série B,390,Brasileirão Série B,,2026-10-07,17:30,Unknown,32,7315,Avaí,2022,Londrina,,,notstarted,1791412200,2026-10-05
15526325,Brazil,Brasileirão Série B,390,Brasileirão Série B,,2026-10-07,17:30,Unknown,32,39634,Operário-PR,1979,Botafogo-SP,,,notstarted,1791412200,2026-10-05
15237998,Brazil,Campeonato Brasileiro Série A,325,Campeonato Brasileiro Série A,,2026-10-07,18:00,Unknown,29,1962,Vitória,21845,Chapecoense,,,notstarted,1791414000,2026-10-05
15502900,Canada,Canadian Premier League,13470,Canadian Premier League,,2026-10-07,18:00,Unknown,1,309888,Pacific FC,313716,Forge FC,,,postponed,1791414000,2026-10-05
15285630,USA,"USL, League One",13362,"USL, League One",,2026-10-07,18:00,Unknown,,1044341,FC Naples,23841,Richmond Kickers,,,notstarted,1791414000,2026-10-05
15285629,USA,"USL, League One",13362,"USL, League One",,2026-10-07,18:00,Unknown,,407748,One Knoxville SC,312631,Chattanooga Red Wolves SC,,,notstarted,1791414000,2026-10-05
17258203,Canada,Canadian Premier League,13470,Canadian Premier League,,2026-10-07,18:00,Unknown,1,313716,Forge FC,309888,Pacific FC,,,notstarted,1791414000,2026-10-05
15237991,Brazil,Campeonato Brasileiro Série A,325,Campeonato Brasileiro Série A,,2026-10-07,18:30,Unknown,29,1958,Botafogo,1974,Vasco da Gama,,,notstarted,1791415800,2026-10-05
15526324,Brazil,Brasileirão Série B,390,Brasileirão Série B,,2026-10-07,18:30,Unknown,32,1973,América Mineiro,2020,Fortaleza,,,notstarted,1791415800,2026-10-05
15526330,Brazil,Brasileirão Série B,390,Brasileirão Série B,,2026-10-07,18:30,Unknown,32,22032,CRB,7314,Atlético Goianiense,,,notstarted,1791415800,2026-10-05
15526331,Brazil,Brasileirão Série B,390,Brasileirão Série B,,2026-10-07,18:30,Unknown,32,2021,Vila Nova FC,49202,Cuiabá,,,notstarted,1791415800,2026-10-05
15237995,Brazil,Campeonato Brasileiro Série A,325,Campeonato Brasileiro Série A,,2026-10-07,19:30,Unknown,29,1954,Cruzeiro,1981,São Paulo,,,notstarted,1791419400,2026-10-05
15285628,USA,"USL, League One",13362,"USL, League One",,2026-10-07,19:30,Unknown,,284113,Corpus Christi FC,341749,Fort Wayne FC,,,notstarted,1791419400,2026-10-05
16390777,Colombia,"Liga DIMAYOR, Finalizacion",11539,"Liga DIMAYOR, Finalizacion",,2026-10-07,20:20,Unknown,9,6106,Atlético Nacional,6111,Deportes Tolima,,,notstarted,1791422400,2026-10-05
16985923,Finland,"Veikkausliiga, Championship Round",41,"Veikkausliiga, Championship Round",,2026-10-08,10:00,Unknown,,2242,HJK,2246,VPS,,,notstarted,1791471600,2026-10-06
16985918,Finland,"Veikkausliiga, Championship Round",41,"Veikkausliiga, Championship Round",,2026-10-08,11:00,Unknown,,2244,Kuopion Palloseura,5114,AC Oulu,,,notstarted,1791475200,2026-10-06
16721914,Romania,Superliga,152,Superliga,,2026-10-08,12:30,Unknown,4,5287,CFR 1907 Cluj,7734,FC Universitatea Cluj,,,notstarted,1791480600,2026-10-06
16281142,Peru,"Liga 1, Clausura",406,"Liga 1, Clausura",,2026-10-08,13:00,Unknown,11,492848,CD Moquegua,2301,Cienciano,,,notstarted,1791482400,2026-10-06
15238171,Ireland,Premier Division,192,Premier Division,,2026-10-08,14:00,Unknown,33,3177,Shamrock Rovers,3180,Drogheda United,,,notstarted,1791486000,2026-10-06
17034021,Colombia,"Torneo DIMAYOR, Clausura",1238,"Torneo DIMAYOR, Clausura",,2026-10-08,15:30,Unknown,5,1166437,Independiente Valle del Cauca,89354,Tigres FC,,,notstarted,1791491400,2026-10-06
16461230,Colombia,"Torneo DIMAYOR, Clausura",1238,"Torneo DIMAYOR, Clausura",,2026-10-08,15:30,Unknown,13,89362,Leones FC,61504,Patriotas Boyacá,,,postponed,1791491400,2026-10-06
17164477,Jamaica,Premier League,1892,Premier League,,2026-10-08,15:30,Unknown,1,124528,Portmore United FC,173736,Waterhouse FC,,,notstarted,1791491400,2026-10-06
16280839,Peru,"Liga 1, Clausura",406,"Liga 1, Clausura",,2026-10-08,15:30,Unknown,11,282538,Club Atlético Grau,252254,Los Chankas CYC,,,notstarted,1791491400,2026-10-06
15237992,Brazil,Campeonato Brasileiro Série A,325,Campeonato Brasileiro Série A,,2026-10-08,17:30,Unknown,29,1968,Santos,5981,Flamengo,,,notstarted,1791498600,2026-10-06
15526326,Brazil,Brasileirão Série B,390,Brasileirão Série B,,2026-10-08,17:30,Unknown,32,2001,Ceará,1984,Criciúma,,,notstarted,1791498600,2026-10-06
15526329,Brazil,Brasileirão Série B,390,Brasileirão Série B,,2026-10-08,17:30,Unknown,32,2011,Náutico,135514,Grêmio Novorizontino,,,notstarted,1791498600,2026-10-06
17034013,Colombia,"Torneo DIMAYOR, Clausura",1238,"Torneo DIMAYOR, Clausura",,2026-10-08,17:45,Unknown,5,89372,Atlético Cali,6119,Real Cartagena,,,notstarted,1791499500,2026-10-06
15237997,Brazil,Campeonato Brasileiro Série A,325,Campeonato Brasileiro Série A,,2026-10-08,18:00,Unknown,29,1967,Athletico,1977,Atlético Mineiro,,,notstarted,1791500400,2026-10-06
15237990,Brazil,Campeonato Brasileiro Série A,325,Campeonato Brasileiro Série A,,2026-10-08,19:30,Unknown,29,1961,Fluminense,1982,Coritiba,,,notstarted,1791505800,2026-10-06
15237993,Brazil,Campeonato Brasileiro Série A,325,Campeonato Brasileiro Série A,,2026-10-08,19:30,Unknown,29,1963,Palmeiras,1955,Bahia,,,notstarted,1791505800,2026-10-06
16390779,Colombia,"Liga DIMAYOR, Finalizacion",11539,"Liga DIMAYOR, Finalizacion",,2026-10-08,20:10,Unknown,14,89368,Fortaleza FC,6117,Millonarios,,,notstarted,1791508200,2026-10-06
16317836,Costa Rica,"Primera División, Apertura",11535,"Primera División, Apertura",,2026-10-08,21:00,Unknown,10,531301,Inter San Carlos,6576,Municipal Pérez Zeledón,,,notstarted,1791511200,2026-10-06
15373104,South Korea,K League 1,410,K League 1,,2026-10-09,00:00,Unknown,31,7645,Daejeon Hana Citizen,6908,Jeonbuk Hyundai Motors,,,notstarted,1791522000,2026-10-06
15404002,South Korea,K-League 2,777,K-League 2,,2026-10-09,00:00,Unknown,28,41261,Suwon FC,195174,Hwaseong FC,,,notstarted,1791522000,2026-10-06
15373103,South Korea,K League 1,410,K League 1,,2026-10-09,02:30,Unknown,31,34220,Gangwon FC,92539,Bucheon FC 1995,,,notstarted,1791531000,2026-10-06
15373108,South Korea,K League 1,410,K League 1,,2026-10-09,02:30,Unknown,31,7648,Incheon United,7650,Pohang Steelers,,,notstarted,1791531000,2026-10-06
15404000,South Korea,K-League 2,777,K-League 2,,2026-10-09,02:30,Unknown,28,314293,Cheongju FC,7651,Seongnam FC,,,notstarted,1791531000,2026-10-06
15404003,South Korea,K-League 2,777,K-League 2,,2026-10-09,02:30,Unknown,28,195172,Gimpo FC,189422,Seoul E-Land FC,,,notstarted,1791531000,2026-10-06
16774410,Indonesia,Indonesia Super League,1015,Indonesia Super League,,2026-10-09,03:30,Unknown,4,135866,Persik Kediri,86578,Madura United FC,,,notstarted,1791534600,2026-10-06
16349271,Japan,J-League 3,2293,J-League 3,,2026-10-09,04:30,Unknown,10,189234,SC Sagamihara,38157,Kamatamare Sanuki,,,notstarted,1791538200,2026-10-06
16348593,Japan,J1 League,196,J1 League,,2026-10-09,05:00,Unknown,9,3134,Kashima Antlers,3138,Gamba Osaka,,,notstarted,1791540000,2026-10-06
16348603,Japan,J1 League,196,J1 League,,2026-10-09,05:00,Unknown,9,3140,Kashiwa Reysol,3146,Vissel Kobe,,,notstarted,1791540000,2026-10-06
16349268,Japan,J-League 3,2293,J-League 3,,2026-10-09,05:00,Unknown,10,205600,FC Osaka,38138,Zweigen Kanazawa,,,notstarted,1791540000,2026-10-06
15552642,China,Chinese Super League,649,Chinese Super League,,2026-10-09,06:35,Unknown,27,34695,Qingdao Hainiu,3376,Beijing Guoan,,,notstarted,1791545700,2026-10-06
15552637,China,Chinese Super League,649,Chinese Super League,,2026-10-09,06:35,Unknown,27,281331,Shenzhen Peng City,34692,Henan FC,,,notstarted,1791545700,2026-10-06
15552639,China,Chinese Super League,649,Chinese Super League,,2026-10-09,07:00,Unknown,27,34697,Zhejiang,41537,Shanghai Port,,,notstarted,1791547200,2026-10-06
16774419,Indonesia,Indonesia Super League,1015,Indonesia Super League,,2026-10-09,07:00,Unknown,4,409975,Isenmulang Kalteng FC,76319,Persebaya Surabaya,,,notstarted,1791547200,2026-10-06
16412957,Ukraine,Premier League,218,Premier League,,2026-10-09,07:30,Unknown,8,200773,NK Veres Rivne,3313,Shakhtar Donetsk,,,notstarted,1791549000,2026-10-06
16653102,Saudi Arabia,Saudi Pro League,955,Saudi Pro League,,2026-10-09,08:50,Unknown,8,269199,Al-Kholood,56027,Al-Qadsiah,,,notstarted,1791553800,2026-10-06