event_id,categoria,category_id,tourney_id,tourney_name,tourney_slug,tourney_season,tourney_date,tourney_country,surface,round,round_number,home_player_id,home_player_name,home_player_slug,home_player_country,home_player_ranking,home_player_seed,away_player_id,away_player_name,away_player_slug,away_player_country,away_player_ranking,away_player_seed,match_time,status,start_timestamp,scrape_date
16404782,Challenger,72,3436,"Brasov, Romania",brasov-romania-men-singles,,2026-06-29,,,,250,83263,Akira Santillan,santillan-akira,Japan,310,,50847,Denis Yevseyev,yevseyev-denis,Kazakhstan,457,,02:30,notstarted,1782718200,2026-06-28
16405055,Challenger,72,3436,"Brasov, Romania",brasov-romania-men-singles,,2026-06-29,,,,250,51009,Dimitar Kuzmanov,kuzmanov-dimitar,Bulgaria,443,,217878,Peter Makk,makk-peter,Hungary,564,,02:30,notstarted,1782718200,2026-06-28
16404783,Challenger,72,3436,"Brasov, Romania",brasov-romania-men-singles,,2026-06-29,,,,250,480587,Gabriel Ghetu,ghetu-gabriel,Romania,718,,60614,David Poljak,poljak-david,Czechia,1181,,02:30,notstarted,1782718200,2026-06-28
16402082,Challenger,72,3453,"Milano, Italy",milano-italy,,2026-06-29,,,,6,131566,Sumit Nagal,nagal-sumit,India,285,,258908,Francesco Passaro,passaro-francesco,Italy,190,,03:00,canceled,1782720000,2026-06-28
16405287,Challenger,72,3453,"Milano, Italy",milano-italy,,2026-06-29,,,,250,451920,Alejo Sanchez Quilez,sanchez-quilez-alejo,Spain,499,,213076,Mathys Erhard,erhard-mathys,France,384,,03:00,notstarted,1782720000,2026-06-28
16405097,Challenger,72,3453,"Milano, Italy",milano-italy,,2026-06-29,,,,250,50139,Norbert Gombos,gombos-norbert,Slovakia,365,,221339,Georgii Kravchenko,kravchenko-georgii,Ukraine,472,,03:00,notstarted,1782720000,2026-06-28
16404994,Challenger,72,3453,"Milano, Italy",milano-italy,,2026-06-29,,,,250,227447,Tommaso Compagnucci,compagnucci-tommaso,Italy,374,,353705,Matthew William Donald,donald-matthew,Czechia,485,,03:00,notstarted,1782720000,2026-06-28
16404741,Challenger,72,18661,"Troyes, France",troyes-france,,2026-06-29,,,,250,199198,Alan Fernando Rubio Fierros,rubio-fierros-alan-fernando,Mexico,589,,77501,Kai Wehnelt,wehnelt-kai,Germany,692,,03:00,notstarted,1782720000,2026-06-28
16405002,Challenger,72,18661,"Troyes, France",troyes-france,,2026-06-29,,,,250,17065,Maxime Chazal,chazal-maxime,France,489,,480913,Fryderyk Lechno-Wasiutynski,lechno-wasiutynski-fryderyk,Poland,656,,03:00,notstarted,1782720000,2026-06-28
16404860,Challenger,72,18661,"Troyes, France",troyes-france,,2026-06-29,,,,250,403858,Svyatoslav Gulin,gulin-svyatoslav,Russia,522,,381419,Amit Vales,vales-amit,Israel,723,,03:00,notstarted,1782720000,2026-06-28
16405622,Challenger,72,3436,"Brasov, Romania",brasov-romania-men-singles,,2026-06-29,,,,250,44547,Radu Albot,albot-radu,Moldova,441,,265627,Sebastian Gima,gima-sebastian,Romania,537,,03:40,notstarted,1782722400,2026-06-28
16405623,Challenger,72,3436,"Brasov, Romania",brasov-romania-men-singles,,2026-06-29,,,,250,198223,Sergey Fomin,fomin-sergey,Uzbekistan,296,,325223,Olle Wallin,wallin-olle,Sweden,447,,03:40,notstarted,1782722400,2026-06-28
16405840,Challenger,72,3453,"Milano, Italy",milano-italy,,2026-06-29,,,,250,288465,Fausto Tabacco,tabacco-fausto,Italy,635,,453479,Daniele Rapagnetta,rapagnetta-daniele,Italy,898,,04:10,notstarted,1782724200,2026-06-28
16405745,Challenger,72,3453,"Milano, Italy",milano-italy,,2026-06-29,,,,250,51100,Oriol Roca Batalla,roca-batalla-oriol,Spain,316,,53483,Daniel Masur,masur-daniel,Germany,380,,04:10,notstarted,1782724200,2026-06-28
16405560,Challenger,72,18661,"Troyes, France",troyes-france,,2026-06-29,,,,250,245546,Luca Staeheli,staeheli-luca,Switzerland,587,,460257,Yanis Ghazouani Durand,ghazouani-durand-yanis,France,628,,04:10,notstarted,1782724200,2026-06-28
16405723,Challenger,72,18661,"Troyes, France",troyes-france,,2026-06-29,,,,250,1084374,Pavel Lagutin,lagutin-pavel,Russia,759,,170976,Franco Ribero,ribero-franco,Argentina,703,,04:10,notstarted,1782724200,2026-06-28
16405291,Challenger,72,18661,"Troyes, France",troyes-france,,2026-06-29,,,,250,383990,Theo Papamalamis,papamalamis-theo,France,836,,460287,Izan Almazan Valiente,almazan-valiente-izan,Spain,643,,04:10,notstarted,1782724200,2026-06-28
16406060,Challenger,72,3453,"Milano, Italy",milano-italy,,2026-06-29,,,,250,106153,Enrico Dalla Valle,dalla-valle-enrico,Italy,363,,332304,Pyotr Nesterov,nesterov-petr,Bulgaria,396,,04:30,notstarted,1782725400,2026-06-28
16402075,Challenger,72,3436,"Brasov, Romania",brasov-romania-men-singles,,2026-06-29,,,,6,269909,Alvaro Guillen Meza,guillen-meza-alvaro,Ecuador,267,,240797,Franco Roncadelli,roncadelli-franco,Uruguay,243,,05:00,notstarted,1782727200,2026-06-28
16402074,Challenger,72,3436,"Brasov, Romania",brasov-romania-men-singles,,2026-06-29,,,,6,208225,Henri Squire,squire-henri,Germany,235,,406654,Gilles Arnaud Bailly,arnaud-bailly-gilles,Belgium,208,,05:00,notstarted,1782727200,2026-06-28
16405841,Challenger,72,3436,"Brasov, Romania",brasov-romania-men-singles,,2026-06-29,,,,250,342909,Ilia Simakin,simakin-ilia,Russia,302,,107625,Maxime Janvier,janvier-maxime,France,568,,05:00,notstarted,1782727200,2026-06-28
16397294,ATP,3,2361,Wimbledon,wimbledon,,2026-06-29,,,,64,187608,Aleksandar Kovačević,kovacevic-aleksandar,USA,70,,102339,Botic Van de Zandschulp,van-de-zandschulp-botic,Netherlands,52,,05:00,notstarted,1782727200,2026-06-28
16397305,ATP,3,2361,Wimbledon,wimbledon,,2026-06-29,,,,64,124656,Aleksandar Vukić,vukic-aleksandar,Australia,103,,191873,Jenson Brooksby,brooksby-jenson,USA,67,,05:00,notstarted,1782727200,2026-06-28
16397292,ATP,3,2361,Wimbledon,wimbledon,,2026-06-29,,,,64,106755,Andrey Rublev,rublev-andrey,Russia,13,,124930,Roman Safiullin,safiullin-roman,Russia,127,,05:00,notstarted,1782727200,2026-06-28
16397263,ATP,3,2361,Wimbledon,wimbledon,,2026-06-29,,,,64,260122,Dalibor Svrčina,svrcina-dalibor,Czechia,113,,412818,Learner Tien,tien-learner,USA,18,,05:00,notstarted,1782727200,2026-06-28
16397304,ATP,3,2361,Wimbledon,wimbledon,,2026-06-29,,,,64,117916,Denis Shapovalov,shapovalov-denis,Canada,41,,40800,Pablo Carreño Busta,carreno-busta-pablo,Spain,71,,05:00,notstarted,1782727200,2026-06-28
16397306,ATP,3,2361,Wimbledon,wimbledon,,2026-06-29,,,,64,232057,Emilio Nava,nava-emilio,USA,87,,322082,Ignacio Buse,buse-ignacio,Peru,34,,05:00,notstarted,1782727200,2026-06-28
16397262,ATP,3,2361,Wimbledon,wimbledon,,2026-06-29,,,,64,335102,Luca Van Assche,van-assche-luca,France,82,,47770,Marton Fucsovics,fucsovics-marton,Hungary,76,,05:00,notstarted,1782727200,2026-06-28
16397293,ATP,3,2361,Wimbledon,wimbledon,,2026-06-29,,,,64,38517,Marco Trungelliti,trungelliti-marco,Argentina,94,,51345,Martin Damm Jr,damm-jr-martin,USA,105,,05:00,notstarted,1782727200,2026-06-28
16397308,ATP,3,2361,Wimbledon,wimbledon,,2026-06-29,,,,64,458834,Rafael Jodar,jodar-rafael,Spain,26,,298057,Felix Gill,gill-felix,United Kingdom,220,,05:00,notstarted,1782727200,2026-06-28
16397302,ATP,3,2361,Wimbledon,wimbledon,,2026-06-29,,,,64,298795,Shintaro Mochizuki,mochizuki-shintaro,Japan,150,,275074,Max Basing,basing-max,United Kingdom,331,,05:00,notstarted,1782727200,2026-06-28
16397330,WTA,6,2600,Wimbledon,wimbledon,,2026-06-29,,,,64,63957,Belinda Bencic,bencic-belinda,Switzerland,12,,460490,Mika Stojsavljević,stojsavljevic-mika,United Kingdom,276,,05:00,notstarted,1782727200,2026-06-28
16397332,WTA,6,2600,Wimbledon,wimbledon,,2026-06-29,,,,64,72758,Jaqueline Cristian,cristian-jaqueline,Romania,38,,420632,Iva Jović,jovic-iva,USA,17,,05:00,notstarted,1782727200,2026-06-28
16397340,WTA,6,2600,Wimbledon,wimbledon,,2026-06-29,,,,64,44834,Jessica Pegula,pegula-jessica,USA,4,,298339,Darja Vidmanova,vidmanova-darja,Czechia,90,,05:00,notstarted,1782727200,2026-06-28
16397318,WTA,6,2600,Wimbledon,wimbledon,,2026-06-29,,,,64,238275,Mananchaya Sawangkaew,sawangkaew-mananchaya,Thailand,164,,211014,Maja Chwalinska,chwalinska-maja,Poland,21,,05:00,notstarted,1782727200,2026-06-28
16397339,WTA,6,2600,Wimbledon,wimbledon,,2026-06-29,,,,64,60392,Sara Sorribes Tormo,sorribes-tormo-sara,Spain,252,,339456,Victoria Jimenez Kasintseva,jimenez-kasintseva-victoria,Andorra,111,,05:00,notstarted,1782727200,2026-06-28
16402088,Challenger,72,3453,"Milano, Italy",milano-italy,,2026-06-29,,,,6,307391,Daniel Rincon,rincon-daniel,Spain,256,,853634,Jacopo Vasamì,vasami-jacopo,Italy,335,,05:20,notstarted,1782728400,2026-06-28
16402092,Challenger,72,18661,"Troyes, France",troyes-france,,2026-06-29,,,,6,318573,Dali Blanch,blanch-dali,USA,289,,831100,Mickael Kaouk,kaouk-mickael,France,1112,,05:20,notstarted,1782728400,2026-06-28
16402098,Challenger,72,18661,"Troyes, France",troyes-france,,2026-06-29,,,,6,82157,Igor Marcondes,marcondes-igor,Brazil,329,,462179,Thomas Faurel,faurel-thomas,France,307,,05:20,notstarted,1782728400,2026-06-28
16402083,Challenger,72,3453,"Milano, Italy",milano-italy,,2026-06-29,,,,6,303307,Alex Barrena,barrena-alex,Argentina,247,,57289,Hugo Dellien,dellien-hugo,Bolivia,165,,05:40,notstarted,1782729600,2026-06-28
16402071,Challenger,72,3436,"Brasov, Romania",brasov-romania-men-singles,,2026-06-29,,,,6,342835,Maks Kasnikowski,kasnikowski-maks,Poland,273,,168420,Andres Andrade,andrade-andres,Ecuador,251,,06:10,notstarted,1782731400,2026-06-28
16402072,Challenger,72,3436,"Brasov, Romania",brasov-romania-men-singles,,2026-06-29,,,,6,281447,Max Alcala Gurri,alcala-gurri-max,Spain,234,,340741,Sascha Gueymard Wayenburg,gueymard-wayenburg-sascha,France,278,,06:10,notstarted,1782731400,2026-06-28
16397299,ATP,3,2361,Wimbledon,wimbledon,,2026-06-29,,,,64,88992,Alexandre Muller,muller-alexandre,France,125,,138546,Tommy Paul,paul-tommy,USA,24,,06:10,notstarted,1782731400,2026-06-28
16397288,ATP,3,2361,Wimbledon,wimbledon,,2026-06-29,,,,64,63606,Arthur Rinderknech,rinderknech-arthur,France,28,,386215,Oliver Tarvet,tarvet-oliver,United Kingdom,349,,06:10,notstarted,1782731400,2026-06-28
16397270,ATP,3,2361,Wimbledon,wimbledon,,2026-06-29,,,,64,385285,Michael Zheng,zheng-michael,USA,143,,95935,Cameron Norrie,norrie-cameron,United Kingdom,29,,06:10,notstarted,1782731400,2026-06-28
16397326,WTA,6,2600,Wimbledon,wimbledon,,2026-06-29,,,,64,222826,Ann Li,li-ann,USA,29,,237669,Zeynep Sönmez,sonmez-zeynep,Türkiye,54,,06:10,notstarted,1782731400,2026-06-28
16397329,WTA,6,2600,Wimbledon,wimbledon,,2026-06-29,,,,64,227431,Xinyu Wang,wang-xinyu,China,52,,264980,Elisabetta Cocciaretto,cocciaretto-elisabetta,Italy,44,,06:10,notstarted,1782731400,2026-06-28
16397268,ATP,3,2361,Wimbledon,wimbledon,,2026-06-29,,,,64,196122,Camilo Ugo Carabelli,ugo-carabelli-camilo,Argentina,57,,338890,Daniel Merida,merida-aguilar-daniel,Spain,85,,06:40,notstarted,1782733200,2026-06-28
16397300,ATP,3,2361,Wimbledon,wimbledon,,2026-06-29,,,,64,119248,Casper Ruud,ruud-casper,Norway,12,,158896,Hubert Hurkacz,hurkacz-hubert,Poland,95,,06:40,notstarted,1782733200,2026-06-28
16397298,ATP,3,2361,Wimbledon,wimbledon,,2026-06-29,,,,64,321404,Hamad Medjedović,mededovic-hamad,Serbia,64,,83397,Sebastian Ofner,ofner-sebastian,Austria,111,,06:40,notstarted,1782733200,2026-06-28
16397295,ATP,3,2361,Wimbledon,wimbledon,,2026-06-29,,,,64,205906,Hugo Gaston,gaston-hugo,France,117,,122366,Stefanos Tsitsipas,tsitsipas-stefanos,Greece,88,,06:40,notstarted,1782733200,2026-06-28
16397307,ATP,3,2361,Wimbledon,wimbledon,,2026-06-29,,,,64,125006,Nuno Borges,borges-nuno,Portugal,53,,232036,Tristan Boyer,boyer-tristan,USA,193,,06:40,notstarted,1782733200,2026-06-28
16397303,ATP,3,2361,Wimbledon,wimbledon,,2026-06-29,,,,64,97647,Soonwoo Kwon,kwon-soonwoo,South Korea,202,,417196,Martin Landaluce,landaluce-martin,Spain,58,,06:40,notstarted,1782733200,2026-06-28
16397319,WTA,6,2600,Wimbledon,wimbledon,,2026-06-29,,,,64,221410,Alycia Parks,parks-alycia,USA,80,,350973,Alicia Dudeney,dudeney-alicia,United Kingdom,246,,06:40,notstarted,1782733200,2026-06-28
16397320,WTA,6,2600,Wimbledon,wimbledon,,2026-06-29,,,,64,202924,Bianca Andreescu,andreescu-bianca,Canada,180,,19607,Shuai Zhang,zhang-shuai,China,67,,06:40,notstarted,1782733200,2026-06-28
16397347,WTA,6,2600,Wimbledon,wimbledon,,2026-06-29,,,,64,64496,Jelena Ostapenko,ostapenko-jelena,Latvia,35,,53789,Harriet Dart,dart-harriet,United Kingdom,151,,06:40,notstarted,1782733200,2026-06-28
16402084,Challenger,72,3453,"Milano, Italy",milano-italy,,2026-06-29,,,,6,302582,Gustavo Heide,heide-gustavo,Brazil,138,,146040,Federico Agustin Gomez,gomez-federico-agustin,Argentina,212,,06:50,notstarted,1782733800,2026-06-28
16402079,Challenger,72,3436,"Brasov, Romania",brasov-romania-men-singles,,2026-06-30,,,,6,261017,Francesco Maestrelli,maestrelli-francesco,Italy,128,,479273,Ognjen Milić,milic-ognjen,Serbia,370,,02:30,notstarted,1782804600,2026-06-28
16402077,Challenger,72,3436,"Brasov, Romania",brasov-romania-men-singles,,2026-06-30,,,,6,66484,Frederico Ferreira Silva,ferreira-silva-frederico,Portugal,230,,385592,Edas Butvilas,butvilas-edas,Lithuania,226,,02:30,notstarted,1782804600,2026-06-28
16402078,Challenger,72,3436,"Brasov, Romania",brasov-romania-men-singles,,2026-06-30,,,,6,255418,Guido Ivan Justo,justo-guido-ivan,Argentina,238,,65606,Franco Agamenone,agamenone-franco,Italy,265,,02:30,notstarted,1782804600,2026-06-28
16402073,Challenger,72,3436,"Brasov, Romania",brasov-romania-men-singles,,2026-06-30,,,,6,397014,Lautaro Midon,midon-lautaro,Argentina,227,,486375,Stefan Horia Haita,haita-stefan-horia,Romania,853,,02:30,notstarted,1782804600,2026-06-28
16402867,Challenger,72,3453,"Milano, Italy",milano-italy,,2026-06-30,,,,6,257091,Daniel Michalski,michalski-daniel,Poland,321,,258908,Francesco Passaro,passaro-francesco,Italy,190,,03:00,notstarted,1782806400,2026-06-28
16402085,Challenger,72,3453,"Milano, Italy",milano-italy,,2026-06-30,,,,6,57155,David Jorda Sanchis,jorda-sanchis-david,Spain,186,,392072,Juan Carlos Prado Angelo,prado-angelo-juan-carlos,Bolivia,156,,03:00,notstarted,1782806400,2026-06-28
16402087,Challenger,72,3453,"Milano, Italy",milano-italy,,2026-06-30,,,,6,264372,Facundo Diaz Acosta,diaz-acosta-facundo,Argentina,120,,451986,Miguel Tobon,tobon-miguel,Colombia,449,,03:00,notstarted,1782806400,2026-06-28
16402081,Challenger,72,3453,"Milano, Italy",milano-italy,,2026-06-30,,,,6,399603,Filippo Romano,romano-filippo,Italy,301,,44549,Marco Cecchinato,cecchinato-marco,Italy,159,,03:00,notstarted,1782806400,2026-06-28
16402086,Challenger,72,3453,"Milano, Italy",milano-italy,,2026-06-30,,,,6,484006,Niels McDonald,mcdonald-niels,Germany,620,,418785,Juan Cruz Martin Manzano,martin-manzano-juan-cruz,Italy,495,,03:00,notstarted,1782806400,2026-06-28
16402080,Challenger,72,3453,"Milano, Italy",milano-italy,,2026-06-30,,,,6,201847,Raul Brancaccio,brancaccio-raul,Italy,248,,26204,Nikoloz Basilashvili,basilashvili-nikoloz,Georgia,112,,03:00,notstarted,1782806400,2026-06-28
16402093,Challenger,72,18661,"Troyes, France",troyes-france,,2026-06-30,,,,6,245110,Anton Matusevich,matusevich-anton,United Kingdom,377,,81271,Calvin Hemery,hemery-calvin,France,282,,03:00,notstarted,1782806400,2026-06-28
16402095,Challenger,72,18661,"Troyes, France",troyes-france,,2026-06-30,,,,6,407383,Federico Bondioli,bondioli-federico,Italy,359,,290568,Inaki Montes-de la Torre,montes-de-la-torre-inaki,Spain,312,,03:00,notstarted,1782806400,2026-06-28
16402097,Challenger,72,18661,"Troyes, France",troyes-france,,2026-06-30,,,,6,377489,Kilian Feldbausch,feldbausch-kilian,Switzerland,279,,376882,Samuele Pieri,pieri-samuele,Italy,403,,03:00,notstarted,1782806400,2026-06-28
16402096,Challenger,72,18661,"Troyes, France",troyes-france,,2026-06-30,,,,6,415528,Manas Dhamne,dhamne-manas-manoj,India,382,,317445,Ioannis Xilas,xilas-ioannis,Greece,362,,03:00,notstarted,1782806400,2026-06-28
16402099,Challenger,72,18661,"Troyes, France",troyes-france,,2026-06-30,,,,6,348701,Marko Topo,topo-marko,Germany,364,,405556,Leo Raquillet,raquillet-leo,France,642,,03:00,notstarted,1782806400,2026-06-28
16402094,Challenger,72,18661,"Troyes, France",troyes-france,,2026-06-30,,,,6,161262,Thiago Seyboth Wild,seyboth-wild-thiago,Brazil,292,,321948,Eliakim Coulibaly,coulibaly-eliakim,Côte d'Ivoire,313,,03:00,notstarted,1782806400,2026-06-28
16397404,ATP,3,2361,Wimbledon,wimbledon,,2026-06-30,,,,64,15894,Adrian Mannarino,mannarino-adrian,France,40,,243925,Titouan Droguet,droguet-titouan,France,115,,05:00,notstarted,1782813600,2026-06-28
16397402,ATP,3,2361,Wimbledon,wimbledon,,2026-06-30,,,,64,108709,Kamil Majchrzak,majchrzak-kamil,Poland,46,,102151,Alejandro Tabilo,tabilo-alejandro,Chile,33,,05:00,notstarted,1782813600,2026-06-28
16397392,ATP,3,2361,Wimbledon,wimbledon,,2026-06-30,,,,64,216154,Sho Shimabukuro,shimabukuro-sho,Japan,89,,341818,Jaime Faria,faria-jaime,Portugal,97,,05:00,notstarted,1782813600,2026-06-28
16397375,ATP,3,2361,Wimbledon,wimbledon,,2026-06-30,,,,64,255449,Valentin Royer,royer-valentin,France,75,,267242,Harry Wendelken,wendelken-harry,United Kingdom,203,,05:00,notstarted,1782813600,2026-06-28
16397400,ATP,3,2361,Wimbledon,wimbledon,,2026-06-30,,,,64,47975,Yannick Hanfmann,hanfmann-yannick,Germany,55,,289146,Giovanni Mpetshi Perricard,mpetshi-perricard-giovanni,France,84,,05:00,notstarted,1782813600,2026-06-28
16397365,WTA,6,2600,Wimbledon,wimbledon,,2026-06-30,,,,64,230628,Amanda Anisimova,anisimova-amanda,USA,6,,67743,Lina Gjorcheska,gjorcheska-lina,North Macedonia,223,,05:00,notstarted,1782813600,2026-06-28
16397367,WTA,6,2600,Wimbledon,wimbledon,,2026-06-30,,,,64,90664,Anhelina Kalinina,kalinina-anhelina,Ukraine,70,,217828,Kamilla Rakhimova,rakhimova-kamilla,Uzbekistan,65,,05:00,notstarted,1782813600,2026-06-28
16397362,WTA,6,2600,Wimbledon,wimbledon,,2026-06-30,,,,64,35838,Irina-Camelia Begu,begu-irina-camelia,Romania,211,,155952,Katie Swan,swan-katie,United Kingdom,196,,05:00,notstarted,1782813600,2026-06-28
16397369,WTA,6,2600,Wimbledon,wimbledon,,2026-06-30,,,,64,69208,Jasmine Paolini,paolini-jasmine,Italy,14,,297368,Robin Montgomery,montgomery-robin,USA,194,,05:00,notstarted,1782813600,2026-06-28
16397354,WTA,6,2600,Wimbledon,wimbledon,,2026-06-30,,,,64,62924,Katie Boulter,boulter-katie,United Kingdom,59,,460330,Tyra Caterina Grant,grant-tyra-caterina,Italy,173,,05:00,notstarted,1782813600,2026-06-28
16397361,WTA,6,2600,Wimbledon,wimbledon,,2026-06-30,,,,64,137962,Kayla Day,day-kayla,USA,138,,35424,Madison Keys,keys-madison,USA,27,,05:00,notstarted,1782813600,2026-06-28
16397202,WTA,6,2600,Wimbledon,wimbledon,,2026-06-30,,,,64,65950,Maria Sakkari,sakkari-maria,Greece,39,,252168,Clara Tauson,tauson-clara,Denmark,25,,05:00,notstarted,1782813600,2026-06-28
16397363,WTA,6,2600,Wimbledon,wimbledon,,2026-06-30,,,,64,381052,Petra Marčinko,marcinko-petra,Croatia,51,,91960,Sofia Kenin,kenin-sofia,USA,104,,05:00,notstarted,1782813600,2026-06-28
16397353,WTA,6,2600,Wimbledon,wimbledon,,2026-06-30,,,,64,308088,Talia Gibson,gibson-talia,Australia,57,,105463,Marie Bouzkova,bouzkova-marie,Czechia,22,,05:00,notstarted,1782813600,2026-06-28
16397203,WTA,6,2600,Wimbledon,wimbledon,,2026-06-30,,,,64,381430,Tereza Valentová,valentova-tereza,Czechia,61,,20732,Karolína Plíšková,pliskova-karolina,Czechia,74,,05:00,notstarted,1782813600,2026-06-28
16397379,ATP,3,2361,Wimbledon,wimbledon,,2026-06-30,,,,64,406728,Alex Michelsen,michelsen-alex,USA,42,,275948,Jacob Fearnley,fearnley-jacob,United Kingdom,152,,06:10,notstarted,1782817800,2026-06-28
16397405,ATP,3,2361,Wimbledon,wimbledon,,2026-06-30,,,,64,201239,Alex de Minaur,de-minaur-alex,Australia,6,,287181,Roman Andres Burruchaga,burruchaga-roman-andres,Argentina,66,,06:10,notstarted,1782817800,2026-06-28
16397391,ATP,3,2361,Wimbledon,wimbledon,,2026-06-30,,,,64,49172,Damir Džumhur,dzumhur-damir,Bosnia & Herzegovina,104,,321789,Arthur Fery,fery-arthur,United Kingdom,118,,06:10,notstarted,1782817800,2026-06-28
16397401,ATP,3,2361,Wimbledon,wimbledon,,2026-06-30,,,,64,90080,Karen Khachanov,khachanov-karen,Russia,22,,111837,Billy Harris,harris-billy,United Kingdom,140,,06:10,notstarted,1782817800,2026-06-28
16397383,ATP,3,2361,Wimbledon,wimbledon,,2026-06-30,,,,64,267577,Kyrian Jacquet,jacquet-kyrian,France,136,,322022,Vilius Gaubas,gaubas-vilius,Lithuania,129,,06:10,notstarted,1782817800,2026-06-28
16397377,ATP,3,2361,Wimbledon,wimbledon,,2026-06-30,,,,64,299538,Matteo Arnaldi,arnaldi-matteo,Italy,35,,90798,Quentin Halys,halys-quentin,France,101,,06:10,notstarted,1782817800,2026-06-28
16397403,ATP,3,2361,Wimbledon,wimbledon,,2026-06-30,,,,64,294337,Mattia Bellucci,bellucci-mattia,Italy,65,,298247,Zachary Svajda,svajda-zachary,USA,69,,06:10,notstarted,1782817800,2026-06-28
16397390,ATP,3,2361,Wimbledon,wimbledon,,2026-06-30,,,,64,229218,Otto Virtanen,virtanen-otto,Finland,137,,385485,Ben Shelton,shelton-ben,USA,5,,06:10,notstarted,1782817800,2026-06-28
16397382,ATP,3,2361,Wimbledon,wimbledon,,2026-06-30,,,,64,71280,Thanasi Kokkinakis,kokkinakis-thanasi,Australia,492,,163480,Alexander Bublik,bublik-alexander,Kazakhstan,11,,06:10,notstarted,1782817800,2026-06-28
16397387,ATP,3,2361,Wimbledon,wimbledon,,2026-06-30,,,,64,94485,Benjamin Bonzi,bonzi-benjamin,France,93,,280151,Gabriel Diallo,diallo-gabriel,Canada,91,,06:40,notstarted,1782819600,2026-06-28
16397378,ATP,3,2361,Wimbledon,wimbledon,,2026-06-30,,,,64,126356,Jaume Munar,munar-jaume,Spain,44,,221012,Francisco Cerundolo,cerundolo-francisco,Argentina,21,,06:40,notstarted,1782819600,2026-06-28
16397351,WTA,6,2600,Wimbledon,wimbledon,,2026-06-30,,,,64,59702,Beatriz Haddad Maia,haddad-maia-beatriz,Brazil,117,,293867,Maria Timofeeva,timofeeva-maria,Uzbekistan,92,,06:40,notstarted,1782819600,2026-06-28
16397368,WTA,6,2600,Wimbledon,wimbledon,,2026-06-30,,,,64,92879,Iryna Shymanovich,shymanovich-iryna,Belarus,216,,48455,Viktorija Golubić,golubic-viktorija,Switzerland,64,,06:40,notstarted,1782819600,2026-06-28
16397359,WTA,6,2600,Wimbledon,wimbledon,,2026-06-30,,,,64,105099,Kimberly Birrell,birrell-kimberly,Australia,73,,396293,Alina Korneeva,korneeva-alina,Russia,94,,06:40,notstarted,1782819600,2026-06-28
16397374,ATP,3,2361,Wimbledon,wimbledon,,2026-06-30,,,,64,390214,Alexander Blockx,blockx-alexander,Belgium,37,,57163,Alexander Zverev,zverev-alexander,Germany,3,,07:00,notstarted,1782820800,2026-06-28
16397393,ATP,3,2361,Wimbledon,wimbledon,,2026-06-30,,,,64,185388,Ugo Humbert,humbert-ugo,France,30,,170946,Zizou Bergs,bergs-zizou,Belgium,48,,07:00,notstarted,1782820800,2026-06-28
16397346,WTA,6,2600,Wimbledon,wimbledon,,2026-06-30,,,,64,316468,Antonia Ružić,ruzic-antonia,Croatia,60,,258756,Emma Raducanu,raducanu-emma,United Kingdom,32,,07:00,notstarted,1782734400,2026-06-28
16397333,WTA,6,2600,Wimbledon,wimbledon,,2026-06-30,,,,64,45545,Yulia Putintseva,putintseva-yulia,Kazakhstan,85,,19520,Tatjana Maria,maria-tatjana,Germany,112,,07:00,notstarted,1782734400,2026-06-28
16402076,Challenger,72,3436,"Brasov, Romania",brasov-romania-men-singles,,2026-06-30,,,,6,248846,Harold Mayot,mayot-harold,France,201,,316900,Andrej Nedić,nedic-andrej,Bosnia & Herzegovina,277,,07:20,notstarted,1782735600,2026-06-28
16397271,ATP,3,2361,Wimbledon,wimbledon,,2026-06-30,,,,64,207575,Adam Walton,walton-adam,Australia,92,,349089,Dino Prižmić,prizmic-dino,Croatia,81,,07:20,notstarted,1782735600,2026-06-28
16397309,ATP,3,2361,Wimbledon,wimbledon,,2026-06-30,,,,64,206570,Jannik Sinner,sinner-jannik,Italy,1,,198592,Miomir Kecmanović,kecmanovic-miomir,Serbia,51,,07:30,notstarted,1782736200,2026-06-28
16397366,WTA,6,2600,Wimbledon,wimbledon,,2026-06-30,,,,64,51387,Taylor Townsend,townsend-taylor,USA,81,,228272,Iga Swiatek,swiatek-iga,Poland,3,,07:30,notstarted,1782822600,2026-06-28
16397266,ATP,3,2361,Wimbledon,wimbledon,,2026-06-30,,,,64,326949,Adolfo Daniel Vallejo,vallejo-daniel,Paraguay,73,,187218,Nicolas Mejia,mejia-nicolas,Colombia,168,,07:50,notstarted,1782737400,2026-06-28
16397267,ATP,3,2361,Wimbledon,wimbledon,,2026-06-30,,,,64,192013,Felix Auger-Aliassime,auger-aliassime-felix,Canada,4,,264344,Aleksandr Shevchenko,shevchenko-alexander,Kazakhstan,98,,07:50,notstarted,1782737400,2026-06-28
16397291,ATP,3,2361,Wimbledon,wimbledon,,2026-06-30,,,,64,16720,Roberto Bautista Agut,bautista-agut-roberto,Spain,163,,403869,Joao Fonseca,fonseca-joao,Brazil,27,,07:50,notstarted,1782737400,2026-06-28
16397264,ATP,3,2361,Wimbledon,wimbledon,,2026-06-30,,,,64,221515,Thiago Agustin Tirante,tirante-thiago-agustin,Argentina,54,,218259,Fábián Marozsán,marozsan-fabian,Hungary,62,,07:50,notstarted,1782737400,2026-06-28
16397376,ATP,3,2361,Wimbledon,wimbledon,,2026-06-30,,,,64,175014,Corentin Moutet,moutet-corentin,France,36,,42379,Marcos Giron,giron-marcos,USA,86,,07:50,notstarted,1782823800,2026-06-28
16397396,ATP,3,2361,Wimbledon,wimbledon,,2026-06-30,,,,64,233126,Dane Sweeny,sweeny-dane,Australia,126,,23581,Grigor Dimitrov,dimitrov-grigor,Bulgaria,164,,07:50,notstarted,1782823800,2026-06-28
16397397,ATP,3,2361,Wimbledon,wimbledon,,2026-06-30,,,,64,372312,Jakub Menšik,mensik-jakub,Czechia,17,,321791,Toby Samuel,samuel-toby,United Kingdom,142,,07:50,notstarted,1782823800,2026-06-28
16397386,ATP,3,2361,Wimbledon,wimbledon,,2026-06-30,,,,64,104847,Lorenzo Sonego,sonego-lorenzo,Italy,72,,169496,Tomas Martin Etcheverry,etcheverry-tomas-martin,Argentina,32,,07:50,notstarted,1782823800,2026-06-28
16397388,ATP,3,2361,Wimbledon,wimbledon,,2026-06-30,,,,64,210490,Patrick Kypson,kypson-patrick,USA,114,,63438,Mackenzie McDonald,mcdonald-mackenzie,USA,144,,07:50,notstarted,1782823800,2026-06-28
16397394,ATP,3,2361,Wimbledon,wimbledon,,2026-06-30,,,,64,355525,Raphael Collignon,collignon-raphael,Belgium,43,,338500,Arthur Fils,fils-arthur,France,23,,07:50,notstarted,1782823800,2026-06-28
16397201,WTA,6,2600,Wimbledon,wimbledon,,2026-06-30,,,,64,327924,Alexandra Eala,eala-alexandra,Philippines,30,,111189,Renata Zarazua,zarazua-renata,Mexico,76,,07:50,notstarted,1782823800,2026-06-28
16397199,WTA,6,2600,Wimbledon,wimbledon,,2026-06-30,,,,64,51293,Elina Svitolina,svitolina-elina,Ukraine,8,,267148,Daria Snigur,snigur-daria,Ukraine,78,,07:50,notstarted,1782823800,2026-06-28
16397373,WTA,6,2600,Wimbledon,wimbledon,,2026-06-30,,,,64,207979,Emma Navarro,navarro-emma,USA,24,,69050,Paula Badosa,badosa-paula,Spain,140,,07:50,notstarted,1782823800,2026-06-28
16397372,WTA,6,2600,Wimbledon,wimbledon,,2026-06-30,,,,64,287804,Oksana Selekhmeteva,selekhmeteva-oksana,Spain,89,,246159,Sinja Kraus,kraus-sinja,Austria,93,,07:50,notstarted,1782823800,2026-06-28
16397198,WTA,6,2600,Wimbledon,wimbledon,,2026-06-30,,,,64,263653,Veronika Erjavec,erjavec-veronika,Slovenia,87,,112957,Leolia Jeanjean,jeanjean-leolia,France,133,,07:50,notstarted,1782823800,2026-06-28
16397371,WTA,6,2600,Wimbledon,wimbledon,,2026-06-30,,,,64,206617,Yuliia Starodubtseva,starodubtsewa-yulia,Ukraine,55,,189995,Anna Blinkova,blinkova-anna,Russia,107,,07:50,notstarted,1782823800,2026-06-28
16402070,Challenger,72,3436,"Brasov, Romania",brasov-romania-men-singles,,2026-06-30,,,,6,456399,Andres Santamarta Roig,santamarta-roig-andres,Spain,871,,421761,Federico Cinà,cina-federico,Italy,180,,08:00,notstarted,1782738000,2026-06-28
16402091,Challenger,72,18661,"Troyes, France",troyes-france,,2026-06-30,,,,6,395226,Cosme Rolland de Ravel,rolland-de-ravel-cosme,France,771,,326246,Marat Sharipov,sharipov-marat,Russia,381,,08:00,notstarted,1782738000,2026-06-28
16402090,Challenger,72,18661,"Troyes, France",troyes-france,,2026-06-30,,,,6,296369,Dominic Stricker,stricker-dominic-stephan,Switzerland,348,,238147,Philip Henning,henning-philip,South Africa,252,,08:00,notstarted,1782738000,2026-06-28
16397296,ATP,3,2361,Wimbledon,wimbledon,,2026-06-30,,,,64,46391,Jan-Lennard Struff,struff-jan-lennard,Germany,77,,221806,Sebastián Báez,baez-sebastian,Argentina,56,,08:10,notstarted,1782738600,2026-06-28
16397269,ATP,3,2361,Wimbledon,wimbledon,,2026-06-30,,,,64,15387,Marin Čilić,cilic-marin,Croatia,60,,163504,Daniil Medvedev,medvedev-daniil,Russia,9,,08:10,notstarted,1782738600,2026-06-28
16397324,WTA,6,2600,Wimbledon,wimbledon,,2026-06-30,,,,64,179300,Claire Liu,liu-claire,USA,145,,383994,Hanne Vandewinkel,vandewinkel-hanne,Belgium,100,,08:20,notstarted,1782739200,2026-06-28
16397325,WTA,6,2600,Wimbledon,wimbledon,,2026-06-30,,,,64,275530,Elsa Jacquemot,jacquemot-elsa,France,82,,66476,Naomi Osaka,osaka-naomi,Japan,15,,08:20,notstarted,1782739200,2026-06-28
16397334,WTA,6,2600,Wimbledon,wimbledon,,2026-06-30,,,,64,322099,Lanlana Tararudee,tararudee-lanlana,Thailand,95,,418056,Lilli Tagger,tagger-lilli,Austria,83,,08:20,notstarted,1782739200,2026-06-28
16397338,WTA,6,2600,Wimbledon,wimbledon,,2026-06-30,,,,64,386230,Mingge Xu,xu-mingge,United Kingdom,327,,132370,Daria Kasatkina,kasatkina-daria,Australia,68,,08:20,notstarted,1782739200,2026-06-28
16397348,WTA,6,2600,Wimbledon,wimbledon,,2026-06-30,,,,64,250859,Oleksandra Oliynykova,oliynykova-oleksandra,Ukraine,49,,233214,McCartney Kessler,kessler-mccartney,USA,62,,08:20,notstarted,1782739200,2026-06-28
16397343,WTA,6,2600,Wimbledon,wimbledon,,2026-06-30,,,,64,261095,Peyton Stearns,stearns-peyton,USA,63,,348987,Nikola Bartunkova,bartunkova-nikola,Czechia,46,,08:20,notstarted,1782739200,2026-06-28
16397350,WTA,6,2600,Wimbledon,wimbledon,,2026-06-30,,,,64,103901,Elena-Gabriela Ruse,ruse-elena-gabriela,Romania,105,,220592,Catherine McNally,mcnally-catherine,USA,50,,08:20,notstarted,1782825600,2026-06-28
16397352,WTA,6,2600,Wimbledon,wimbledon,,2026-06-30,,,,64,78551,Elise Mertens,mertens-elise,Belgium,26,,37508,Laura Siegemund,siegemund-laura,Germany,40,,08:20,notstarted,1782825600,2026-06-28
16397265,ATP,3,2361,Wimbledon,wimbledon,,2026-06-30,,,,64,157456,Alejandro Davidovich Fokina,davidovich-fokina-alejandro,Spain,25,,248861,Juan Manuel Cerundolo,cerundolo-juan-manuel,Argentina,45,,08:30,notstarted,1782739800,2026-06-28
16397301,ATP,3,2361,Wimbledon,wimbledon,,2026-06-30,,,,64,334293,Ethan Quinn,quinn-ethan,USA,63,,308084,Luciano Darderi,darderi-luciano,Italy,16,,08:30,notstarted,1782739800,2026-06-28
16397321,WTA,6,2600,Wimbledon,wimbledon,,2026-06-30,,,,64,85077,Karolina Muchova,muchova-karolina,Czechia,11,,255391,Anastasia Zakharova,zakharova-anastasia,Russia,91,,08:30,notstarted,1782739800,2026-06-28
16397389,ATP,3,2361,Wimbledon,wimbledon,,2026-06-30,,,,64,136042,Taylor Fritz,fritz-taylor,USA,7,,258749,Jack Draper,draper-jack,United Kingdom,160,,08:40,notstarted,1782826800,2026-06-28
16397204,WTA,6,2600,Wimbledon,wimbledon,,2026-06-30,,,,64,293708,Lois Boisson,boisson-lois,France,154,,186312,Elena Rybakina,rybakina-elena,Kazakhstan,2,,08:40,notstarted,1782826800,2026-06-28
16397360,WTA,6,2600,Wimbledon,wimbledon,,2026-06-30,,,,64,19728,Sorana Cirstea,cirstea-sorana,Romania,18,,360184,Sara Bejlek,bejlek-sara,Czechia,45,,08:40,notstarted,1782826800,2026-06-28
16402328,Challenger,72,6636,"Cary, USA",cary-usa,,2026-06-30,,,,6,119140,Blake Ellis,ellis-blake,Australia,502,,299481,Philip Sekulic,sekulic-philip,Australia,324,,09:00,notstarted,1782741600,2026-06-28
16402322,Challenger,72,6636,"Cary, USA",cary-usa,,2026-06-30,,,,6,163438,Fajing Sun,sun-fajing,China,261,,385591,Braden Shick,shick-braden,USA,330,,09:00,notstarted,1782741600,2026-06-28
16402308,Challenger,72,6636,"Cary, USA",cary-usa,,2026-06-30,,,,6,413296,Rei Sakamoto,sakamoto-rei,Japan,148,,417195,Jules Leroux,leroux-jules,France,,,09:00,notstarted,1782741600,2026-06-28
16402323,Challenger,72,6636,"Cary, USA",cary-usa,,2026-06-30,,,,6,217464,Rio Noguchi,noguchi-rio,Japan,214,,276766,Alex Martinez,martinez-alex,Spain,317,,09:00,notstarted,1782741600,2026-06-28
16402329,Challenger,72,6636,"Cary, USA",cary-usa,,2026-06-30,,,,6,318572,Timo Legout,legout-timo,France,959,,303122,Blaise Bicknell,bicknell-blaise,Jamaica,318,,09:00,notstarted,1782741600,2026-06-28
16402309,Challenger,72,6636,"Cary, USA",cary-usa,,2026-06-30,,,,6,163996,Tung-Lin Wu,wu-tung-lin,Chinese Taipei,346,,17080,Bernard Tomić,tomic-bernard,Australia,189,,09:00,notstarted,1782741600,2026-06-28
16405862,Challenger,72,6636,"Cary, USA",cary-usa,,2026-06-30,,,,250,258983,Andrew Fenty,fenty-andrew,USA,383,,197935,Masamichi Imamura,imamura-masamichi,Japan,431,,09:00,notstarted,1782741600,2026-06-28
16406721,Challenger,72,6636,"Cary, USA",cary-usa,,2026-06-30,,,,250,231728,Dhakshineswar Suresh,suresh-dhakshineswar,India,477,,320820,Samir Banerjee,banerjee-samir,USA,416,,09:00,notstarted,1782741600,2026-06-28
16406328,Challenger,72,6636,"Cary, USA",cary-usa,,2026-06-30,,,,250,263674,Justin Boulais,boulais-justin,Canada,387,,393595,Jay Friend,friend-jay-dylan-hara,Japan,404,,09:00,notstarted,1782741600,2026-06-28
16402089,Challenger,72,3453,"Milano, Italy",milano-italy,,2026-06-30,,,,6,484219,Diego Dedura-Palomero,dedura-palomero-diego,Germany,262,,192862,Miguel Damas,damas-miguel,Spain,271,,09:00,notstarted,1782741600,2026-06-28
16397290,ATP,3,2361,Wimbledon,wimbledon,,2026-06-30,,,,64,244420,Jesper De Jong,de-jong-jesper,Netherlands,74,,237452,Rinky Hijikata,hijikata-rinky,Australia,83,,09:00,notstarted,1782741600,2026-06-28
16397380,ATP,3,2361,Wimbledon,wimbledon,,2026-06-30,,,,64,145130,Alex Molčan,molcan-alex,Slovakia,102,,127208,Daniel Altmaier,altmaier-daniel,Germany,59,,09:00,notstarted,1782828000,2026-06-28
16397385,ATP,3,2361,Wimbledon,wimbledon,,2026-06-30,,,,64,101101,Frances Tiafoe,tiafoe-frances,USA,19,,273679,Terence Atmane,atmane-terence,France,50,,09:00,notstarted,1782828000,2026-06-28
16397398,ATP,3,2361,Wimbledon,wimbledon,,2026-06-30,,,,64,271389,Mariano Navone,navone-mariano,Argentina,38,,273680,Flavio Cobolli,flavio-cobolli,Italy,10,,09:00,notstarted,1782828000,2026-06-28
16397399,ATP,3,2361,Wimbledon,wimbledon,,2026-06-30,,,,64,122368,Tallon Griekspoor,griekspoor-tallon,Netherlands,39,,39711,James Duckworth,duckworth-james,Australia,78,,09:00,notstarted,1782828000,2026-06-28
16397384,ATP,3,2361,Wimbledon,wimbledon,,2026-06-30,,,,64,199395,Vit Kopřiva,kopriva-vit,Czechia,68,,105607,Jan Choinski,choinski-jan,United Kingdom,106,,09:00,notstarted,1782828000,2026-06-28
16397349,WTA,6,2600,Wimbledon,wimbledon,,2026-06-30,,,,64,157754,Aryna Sabalenka,sabalenka-aryna,Belarus,1,,478940,Teodora Kostović,kostovic-teodora,Serbia,184,,09:10,notstarted,1782742200,2026-06-28
16397331,WTA,6,2600,Wimbledon,wimbledon,,2026-06-30,,,,64,130624,Anastasia Gasanova,gasanova-anastasia,Russia,210,,198197,Emiliana Arango,arango-emiliana,Colombia,101,,09:30,notstarted,1782743400,2026-06-28
16397337,WTA,6,2600,Wimbledon,wimbledon,,2026-06-30,,,,64,189986,Dayana Yastremska,yastremska-dayana,Ukraine,66,,297194,Aoi Ito,ito-aoi,Japan,228,,09:30,notstarted,1782743400,2026-06-28
16397335,WTA,6,2600,Wimbledon,wimbledon,,2026-06-30,,,,64,67759,Ekaterina Alexandrova,alexandrova-ekaterina,Russia,19,,218347,Panna Udvardy,udvardy-panna,Hungary,71,,09:30,notstarted,1782743400,2026-06-28
16397336,WTA,6,2600,Wimbledon,wimbledon,,2026-06-30,,,,64,275105,Jessica Bouzas Maneiro,bouzas-maneiro-jessica,Spain,48,,210831,Anastasia Potapova,potapova-anastasia,Austria,28,,09:30,notstarted,1782743400,2026-06-28
16397344,WTA,6,2600,Wimbledon,wimbledon,,2026-06-30,,,,64,250279,Leylah Fernandez,fernandez-leylah,Canada,23,,291733,Janice Tjen,tjen-janice,Indonesia,41,,09:30,notstarted,1782743400,2026-06-28
16397323,WTA,6,2600,Wimbledon,wimbledon,,2026-06-30,,,,64,298913,Solana Sierra,sierra-solana,Argentina,56,,150574,Anna Bondar,bondar-anna,Hungary,75,,09:30,notstarted,1782743400,2026-06-28
16397197,WTA,6,2600,Wimbledon,wimbledon,,2026-06-30,,,,64,34486,Ajla Tomljanović,tomljanovic-ajla,Australia,98,,100341,Mariam Bolkvadze,bolkvadze-mariam,Georgia,539,,09:30,notstarted,1782829800,2026-06-28
16397358,WTA,6,2600,Wimbledon,wimbledon,,2026-06-30,,,,64,213943,Camila Osorio,osorio-serrano-maria-camila,Colombia,69,,215166,Simona Waltert,waltert-simona,Switzerland,88,,09:30,notstarted,1782829800,2026-06-28
16397356,WTA,6,2600,Wimbledon,wimbledon,,2026-06-30,,,,64,318575,Diana Shnaider,shnaider-diana,Russia,16,,215773,Eva Lys,lys-eva,Germany,77,,09:30,notstarted,1782829800,2026-06-28
16397357,WTA,6,2600,Wimbledon,wimbledon,,2026-06-30,,,,64,371932,Ella Seidel,seidel-ella,Germany,97,,274049,Linda Noskova,noskova-linda,Czechia,10,,09:30,notstarted,1782829800,2026-06-28
16397355,WTA,6,2600,Wimbledon,wimbledon,,2026-06-30,,,,64,293868,Polina Kudermetova,kudermetova-polina,Uzbekistan,116,,128584,Liudmila Samsonova,samsonova-liudmila,Russia,42,,09:30,notstarted,1782829800,2026-06-28
16397297,ATP,3,2361,Wimbledon,wimbledon,,2026-06-30,,,,64,235576,Brandon Nakashima,nakashima-brandon,USA,31,,321790,Jack Pinnington Jones,pinnington-jones-jack,United Kingdom,145,,09:40,notstarted,1782744000,2026-06-28
16397345,WTA,6,2600,Wimbledon,wimbledon,,2026-06-30,,,,64,72376,Katerina Siniakova,siniakova-katerina,Czechia,34,,257784,Qinwen Zheng,zheng-qinwen,China,153,,09:50,notstarted,1782744600,2026-06-28
16397341,WTA,6,2600,Wimbledon,wimbledon,,2026-06-30,,,,64,42289,Magda Linette,linette-magda,Poland,58,,406776,Mirra Andreeva,andreeva-mirra,Russia,5,,09:50,notstarted,1782744600,2026-06-28
16397381,ATP,3,2361,Wimbledon,wimbledon,,2026-06-30,,,,64,254742,Jiri Lehečka,lehecka-jiri,Czechia,14,,128552,Alexei Popyrin,popyrin-alexei,Australia,100,,09:50,notstarted,1782831000,2026-06-28
16397395,ATP,3,2361,Wimbledon,wimbledon,,2026-06-30,,,,64,14548,Stan Wawrinka,wawrinka-stan,Switzerland,110,,112783,Matteo Berrettini,berrettini-matteo,Italy,49,,09:50,notstarted,1782831000,2026-06-28
16405917,Challenger,72,3613,"Quito, Ecuador Men Singles",quito-ecuador-men-singles,,2026-06-30,,,,250,158748,Felipe Meligeni Alves,meligeni-alves-felipe,Brazil,806,,221015,Fermin Tenti,tenti-fermin,Argentina,989,,10:00,notstarted,1782745200,2026-06-28
16405919,Challenger,72,3613,"Quito, Ecuador Men Singles",quito-ecuador-men-singles,,2026-06-30,,,,250,407629,Gustavo Ribeiro de Almeida,de-almeida-gustavo-ribeiro,Brazil,743,,935291,Lucas Yunez,yunez-lucas,Ecuador,,,10:00,notstarted,1782745200,2026-06-28
16405918,Challenger,72,3613,"Quito, Ecuador Men Singles",quito-ecuador-men-singles,,2026-06-30,,,,250,135032,Juan Sebastian Osorio,osorio-juan-sebastian,Colombia,826,,221020,Alejandro Hayen,hayen-alejandro,Mexico,1100,,10:00,notstarted,1782745200,2026-06-28
16402990,Challenger,72,3613,"Quito, Ecuador Men Singles",quito-ecuador-men-singles,,2026-06-30,,,,6,393631,Bruno Fernandez,fernandez-bruno,Brazil,614,,386107,Rodrigo Pacheco Mendez,pacheco-mendez-rodrigo,Mexico,341,,10:00,notstarted,1782831600,2026-06-28
16402991,Challenger,72,3613,"Quito, Ecuador Men Singles",quito-ecuador-men-singles,,2026-06-30,,,,6,38180,Facundo Mena,mena-facundo,Argentina,353,,297139,Valerio Aboian,aboian-valerio,Argentina,464,,10:00,notstarted,1782831600,2026-06-28
16402989,Challenger,72,3613,"Quito, Ecuador Men Singles",quito-ecuador-men-singles,,2026-06-30,,,,6,54975,Hernan Casanova,casanova-hernan,Argentina,406,,392702,Mario Andre Galarraga,galarraga-mario-andre,Ecuador,,,10:00,notstarted,1782831600,2026-06-28
16402992,Challenger,72,3613,"Quito, Ecuador Men Singles",quito-ecuador-men-singles,,2026-06-30,,,,6,315057,Johan Alexander Rodriguez Rodriguez,rodriguez-rodriguez-johan-alexander,Colombia,546,,264978,Matheus Pucinelli de Almeida,pucinelli-de-almeida-matheus,Brazil,409,,10:00,notstarted,1782831600,2026-06-28
16402997,Challenger,72,3613,"Quito, Ecuador Men Singles",quito-ecuador-men-singles,,2026-06-30,,,,6,379442,Juan Manuel La Serna,la-serna-juan-manuel,Argentina,298,,258977,Alex Hernandez,alex-hernandez,Mexico,422,,10:00,notstarted,1782831600,2026-06-28
16402996,Challenger,72,3613,"Quito, Ecuador Men Singles",quito-ecuador-men-singles,,2026-06-30,,,,6,25726,Juan Sebastian Gomez,gomez-juan-sebastian,Colombia,559,,107483,Ignacio Monzon,monzon-ignacio,Argentina,695,,10:00,notstarted,1782831600,2026-06-28
16402994,Challenger,72,3613,"Quito, Ecuador Men Singles",quito-ecuador-men-singles,,2026-06-30,,,,6,65576,Pedro Sakamoto,sakamoto-pedro,Brazil,496,,272535,Alan Magadan,magadan-alan,Mexico,627,,10:00,notstarted,1782831600,2026-06-28
16406089,Challenger,72,6636,"Cary, USA",cary-usa,,2026-06-30,,,,250,32466,Hiroki Moriya,moriya-hiroki,Japan,490,,338420,Edward Winter,winter-edward,Australia,432,,10:10,notstarted,1782745800,2026-06-28
16406940,Challenger,72,6636,"Cary, USA",cary-usa,,2026-06-30,,,,250,335630,Ozan Baris,baris-ozan,USA,708,,255993,James Trotter,trotter-james-kent,Japan,420,,10:10,notstarted,1782745800,2026-06-28
16405864,Challenger,72,6636,"Cary, USA",cary-usa,,2026-06-30,,,,250,217136,Yuta Shimizu,shimizu-yuta,Japan,357,,417424,Trevor Svajda,svajda-trevor,USA,470,,10:10,notstarted,1782745800,2026-06-28
16397328,WTA,6,2600,Wimbledon,wimbledon,,2026-06-30,,,,64,193290,Francesca Jones,jones-francesca,United Kingdom,103,,247791,Diane Parry,parry-diane,France,47,,10:10,notstarted,1782745800,2026-06-28
16397327,WTA,6,2600,Wimbledon,wimbledon,,2026-06-30,,,,64,71250,Magdalena Frech,frech-magdalena,Poland,43,,179146,Anna Kalinskaya,kalinskaya-anna,Russia,20,,10:10,notstarted,1782745800,2026-06-28
16397289,ATP,3,2361,Wimbledon,wimbledon,,2026-06-30,,,,64,194186,Yibing Wu,wu-yibing,China,99,,14882,Novak Djokovic,djokovic-novak,Serbia,8,,10:20,notstarted,1782746400,2026-06-28
16397200,WTA,6,2600,Wimbledon,wimbledon,,2026-06-30,,,,64,18254,Serena Williams,williams-serena,USA,,,376006,Maya Joint,joint-maya,Australia,53,,10:20,notstarted,1782832800,2026-06-28
16397342,WTA,6,2600,Wimbledon,wimbledon,,2026-06-30,,,,64,60398,Barbora Krejčiková,krejcikova-barbora,Czechia,37,,420872,Hannah Klugman,klugman-hannah,United Kingdom,412,,10:30,notstarted,1782747000,2026-06-28
16397322,WTA,6,2600,Wimbledon,wimbledon,,2026-06-30,,,,64,69988,Tamara Korpatsch,korpatsch-tamara,Germany,79,,264983,Coco Gauff,gauff-cori,USA,7,,10:30,notstarted,1782747000,2026-06-28
16397196,WTA,6,2600,Wimbledon,wimbledon,,2026-06-30,,,,64,311012,Ashlyn Krueger,krueger-ashlyn,USA,96,,50641,Donna Vekić,vekic-donna,Croatia,33,,11:00,notstarted,1782835200,2026-06-28
16397370,WTA,6,2600,Wimbledon,wimbledon,,2026-06-30,,,,64,60276,Nadia Podoroska,podoroska-nadia,Argentina,594,,230056,Marta Kostyuk,kostyuk-marta,Ukraine,13,,11:00,notstarted,1782835200,2026-06-28
16406576,Challenger,72,3613,"Quito, Ecuador Men Singles",quito-ecuador-men-singles,,2026-06-30,,,,250,487313,Lucas Andrade Da Silva,andrade-da-silva-lucas,Brazil,885,,37637,Federico Zeballos,zeballos-federico,Bolivia,1343,,11:10,notstarted,1782749400,2026-06-28
16406059,Challenger,72,3613,"Quito, Ecuador Men Singles",quito-ecuador-men-singles,,2026-06-30,,,,250,329562,Martin Maldonado,maldonado-martin,Ecuador,,,379454,Segundo Goity Zapico,goity-zapico-segundo,Argentina,1185,,11:10,notstarted,1782749400,2026-06-28
16406391,Challenger,72,3613,"Quito, Ecuador Men Singles",quito-ecuador-men-singles,,2026-06-30,,,,250,379453,Tomas Martinez,martinez-tomas,Argentina,895,,17037,Mauricio Echazu,echazu-mauricio,Peru,,,11:10,notstarted,1782749400,2026-06-28
16402988,Challenger,72,3613,"Quito, Ecuador Men Singles",quito-ecuador-men-singles,,2026-06-30,,,,6,388402,Felipe Rivadeneira,rivadeneira-gallegos-felipe-jose,Ecuador,,,406660,Luis Carlos Alvarez Valdes,valdes-luis-carlos-alvarez,Mexico,,,12:20,notstarted,1782753600,2026-06-28
16402995,Challenger,72,3613,"Quito, Ecuador Men Singles",quito-ecuador-men-singles,,2026-06-30,,,,6,72248,Juan Pablo Varillas,varillas-juan-pablo,Peru,309,,50901,Dmitry Popko,popko-dmitry,Kazakhstan,675,,12:20,notstarted,1782753600,2026-06-28
16402987,Challenger,72,3613,"Quito, Ecuador Men Singles",quito-ecuador-men-singles,,2026-06-30,,,,6,187215,Mwendwa Mbithi,mbithi-mwendwa,USA,808,,241039,Matias Soto,soto-matias,Chile,300,,12:20,notstarted,1782753600,2026-06-28
16402993,Challenger,72,3613,"Quito, Ecuador Men Singles",quito-ecuador-men-singles,,2026-06-30,,,,6,935290,Angel Veliz,veliz-angel,Ecuador,1485,,305134,Daniel Antonio Nunez,nunez-daniel-antonio,Chile,668,,13:30,notstarted,1782757800,2026-06-28
16402327,Challenger,72,6636,"Cary, USA",cary-usa,,2026-06-30,,,,6,210033,Daniil Glinka,glinka-daniil,Estonia,171,,309157,Aidan Mayo,mayo-aidan,USA,547,,16:00,notstarted,1782766800,2026-06-28
16402325,Challenger,72,6636,"Cary, USA",cary-usa,,2026-06-30,,,,6,522293,Jack Kennedy,kennedy-jack,USA,414,,82579,Kaichi Uchida,uchida-kaichi,Japan,255,,16:00,notstarted,1782766800,2026-06-28
16402324,Challenger,72,6636,"Cary, USA",cary-usa,,2026-06-30,,,,6,157302,Yosuke Watanuki,watanuki-yosuke,Japan,288,,244985,Andre Ilagan,ilagan-andre,USA,258,,16:00,notstarted,1782766800,2026-06-28
16402307,Challenger,72,6636,"Cary, USA",cary-usa,,2026-06-30,,,,6,289173,Giles Hussey,hussey-giles,United Kingdom,293,,496091,William Manning,manning-william,USA,,,17:10,notstarted,1782771000,2026-06-28
16402326,Challenger,72,6636,"Cary, USA",cary-usa,,2026-06-30,,,,6,47764,Liam Broady,broady-liam,United Kingdom,210,,420914,Hayato Matsuoka,matsuoka-hayato,Japan,347,,17:10,notstarted,1782771000,2026-06-28